{"cameraMode":{"drawMode":0,"name":"Shaded","section":"Shading Mode"},"sceneLighting":false,"audioPlay":false,"sceneViewState":{"showFog":true,"showMaterialUpdate":false,"showSkybox":false,"showFlares":true,"showImageEffects":true,"showParticleSystems":true},"in2DMode":false,"pivot":{"x":0.0,"y":1.0425710678100587,"z":0.15000009536743165},"rotation":{"x":0.11949186772108078,"y":-0.7335689663887024,"z":0.13372871279716493,"w":0.6555501222610474},"size":14.8856782913208,"orthographic":false}